Julian date,Fluxes [/day],Radial velocity [km/s],Tangential velocity [km/s],Radial distance [au],Detection time [hours]
2459029.5,17,7.92814875465766,44.75722013188959,0.5421936080153591,1.4964259257540107
2459030.5,17,8.33463935513433,44.39629991141423,0.5468911011604135,1.4977974874782376
2459031.5,17,8.715742522246938,44.023574634744115,0.5518160334644997,1.491425801999867
2459032.5,5,9.07149643382346,43.64087944077132,0.556953744996058,1.4980926336720586
2459033.5,19,9.402105493545267,43.24996724936627,0.5622896469340677,1.4980926336720586
2459034.5,11,9.707918377215078,42.85249754038044,0.567809311138901,1.4980926336720586
2459035.5,8,9.989407979068195,42.4500282100758,0.5734985476719122,0.8908553821966052
2459036.5,16,10.2471524844556,42.04401045485083,0.5793434710228578,0.9403010504320264
2459037.5,14,10.481816222038,41.635785642848674,0.5853305553196093,1.4983704183250666
2459038.5,17,10.69413338349964,41.22658497919455,0.5914466794365434,1.490870232693851
2459039.5,12,10.88489141984535,40.817530329180826,0.5976791622852459,1.4978148490190506
2459040.5,13,11.054917287726557,40.409636990371226,0.6040157896569818,1.4978148490190506
2459041.5,10,11.205064608924234,40.003817404040994,0.6104448332242398,1.4969814950600266
2459042.5,11,11.336202514773415,39.60088583950531,0.616955062647792,1.4980926336720586
2459043.5,14,11.449205970809935,39.20156356000101,0.6235357516673974,1.4964259257540107
2459044.5,6,11.544947634743197,38.80648474518062,0.6301766790695413,1.4978148490190506
2459045.5,9,11.624305723580276,38.41617975911799,0.636868134017387,1.491148017346859
2459046.5,10,11.688096503885617,38.031170930371864,0.6436008817826104,1.2530865697190166
2459047.5,2,11.737165019483939,37.65184464356552,0.6503661810671717,1.4950370024889708
2459048.5,9,11.772316107429056,37.278546120623204,0.6571557626729598,1.4977801259374246
2459049.5,3,11.7943282532014,36.911562969745304,0.6639618147437318,1.4978148490190506
2459050.5,12,11.803951599550352,36.551130717324085,0.6707769669298116,1.490870232693851
2459051.5,19,11.801906373970535,36.197437925778644,0.6775942735597773,1.4930925099179149
2459052.5,10,11.788881909822145,35.8506309270925,0.6844071960231594,1.4819811237975955
2459053.5,10,11.76553630515234,35.51081846315711,0.6912095848328788,1.4930925099179149
2459054.5,9,11.73249625899581,35.17807581720217,0.6979956615140965,1.4930925099179149
2459055.5,6,11.690357424873525,34.852448663232416,0.7047600005327067,1.4930925099179149
2459056.5,4,11.639684966159685,34.533956532291974,0.7114975116181943,1.4928147252649069
2459080.5,6,8.888087607644056,28.850370730224515,0.8562850812906513,0.8836329812183976
2459081.5,6,8.73794038025833,28.683863317720977,0.8613750922297528,1.4930925099179149
2459082.5,4,8.586402610999592,28.522025937754,0.8663779793369375,1.4930925099179149
2459083.5,6,8.433574712178153,28.36475876969557,0.8712929688338785,1.4930925099179149
2459084.5,7,8.279550613875228,28.211964465130105,0.8761193430382214,1.4930925099179149
2459085.5,9,8.12441757881262,28.06354821632368,0.8808564365719841,1.491425801999867
2459086.5,6,7.96825739201634,27.919417990316866,0.8855036328799831,1.4930925099179149
2459087.5,6,7.811146359804542,27.77948407432083,0.8900603610093406,1.4872590322047472
2459088.5,7,7.653155629361239,27.64365945013257,0.8945260925844113,1.4930925099179149
2459089.5,4,7.494351560439224,27.51185967600895,0.8989003389228555,1.4933702945709229
2459090.5,6,7.334796030985739,27.384002887175242,0.903182648360031,1.4930925099179149
2459091.5,5,7.174546885994175,27.260009798420477,0.9073726037861207,1.4930925099179149
2459092.5,5,7.013658743002076,27.139803540703717,0.9114698205050584,1.4942036485299468
2459093.5,9,6.852180807282821,27.023309754270198,0.9154739439480716,1.4944814331829548
2459094.5,5,6.690159582275049,26.910456788967906,0.9193846470486492,1.4886479554697871
2459095.5,2,6.527638371665398,26.80117515130809,0.9232016286652176,1.4944814331829548
2459096.5,5,6.364657535847576,26.69539782625047,0.9269246118279659,1.4944814331829548
2459097.5,8,6.201254599833492,26.59306014547782,0.9305533420493259,1.4944814331829548
2459098.5,4,6.037464347800384,26.494099970773437,0.9340875857163595,1.489759094081819
2459106.5,6,4.716633452009405,25.817242481243586,0.9589377882731644,1.4442024109885097
2459107.5,6,4.550564700090214,25.746229922887572,0.9616139233382811,1.4936480792239308
2459108.5,12,4.38434380446006,25.678088425638986,0.9641941010321484,1.4875368168577552
2459109.5,9,4.2179853848745426,25.612777950377726,0.9666782377321343,1.4936480792239308
2459110.5,3,4.051502990037122,25.55026044657952,0.9690662579799025,1.4753142921254039
2459111.5,9,3.8849090459853857,25.490499627421578,0.9713580938142614,1.4933702945709229
2459112.5,2,3.7182148559189034,25.43346107242809,0.9735536841247114,1.4928147252649069
2459113.5,5,3.551430974311332,25.379111647506605,0.9756529741040432,1.2530865697190166
2459114.5,1,3.384566605008988,25.327420376053652,0.9776559145984884,1.4930925099179149
2459115.5,4,3.2176308032706302,25.27835752599379,0.9795624618859162,1.4869812475517392
2459116.5,13,3.0506312110949434,25.231895214588967,0.9813725768995156,1.4930925099179149
2459117.5,1,2.8835749462200173,25.18800705436113,0.9830862248866146,1.492536940611899
2459118.5,3,2.7164684460778568,25.146668201516057,0.984703375006447,1.4936480792239308
2459119.5,8,2.549317470045182,25.10785522437066,0.986223997637959,1.4930925099179149
2459120.5,6,2.3821273471956825,25.071546527899393,0.9876480732600237,1.491148017346859
2459121.5,2,2.214902654546492,25.037721578502815,0.9889755782942034,1.4930925099179149
2459122.5,3,2.0476477139555627,25.006361632086577,0.9902064940766411,1.4872590322047472
2459123.5,6,1.8803662159404517,24.9774491574081,0.9913408042084881,1.4933702945709229
2459124.5,7,1.7130615039338244,24.950968115807427,0.9923784943357568,1.384200925938785
2459125.5,12,1.5457365479546645,24.9269038658437,0.9933195519258498,1.4939258638769388
2459126.5,6,1.3783939005370522,24.905243357257255,0.9941639660411636,1.492259155958891
2459127.5,5,1.211036078572864,24.88597429999136,0.994911727200346,1.490870232693851
2459128.5,3,1.043664852130627,24.869086520319964,0.995562827108207,1.4939258638769388
2459129.5,6,0.8762825056478826,24.854570546709954,0.9961172588052853,1.4872590322047472
2459130.5,6,0.7088904705127048,24.842418686542757,0.9965750162346446,1.4933702945709229
2459131.5,5,0.5414902386216713,24.83262443165073,0.9969360942393608,1.4930925099179149
2459132.5,4,0.3740831668713708,24.825182596693963,0.9972004884823428,1.4933702945709229
2459133.5,7,0.2066705407938603,24.82008933040158,0.9973681953877291,1.4933702945709229
2459134.5,6,0.039253493460382316,24.817342047667935,0.9974392120787454,1.4867034628987312
2459135.5,5,-0.128166918116456,24.816939463434288,0.9974135362776264,1.4878146015107632
2459136.5,2,-0.29558932399796767,24.818881770828895,0.9972911664971665,1.4767032153904438
2459137.5,6,-0.463012679522878,24.82317028889879,0.9970721018552526,1.4880923861637712
2459138.5,5,-0.6304357753847204,24.829807710567845,0.9967563421494263,1.4883701708167791
2459139.5,9,-0.7978573188804692,24.838798047336894,0.9963438878982194,1.4883701708167791
2459140.5,6,-0.9652760081872761,24.85014684737969,0.9958347403704202,1.4883701708167791
2459141.5,6,-1.1326900787112866,24.863860331891537,0.9952289017113967,1.4858701089397073
2459142.5,5,-1.3000981161081706,24.87994687746253,0.9945263749363549,1.4878146015107632
2459143.5,8,-1.4674977767819808,24.898415482206644,0.9937271643036345,1.4767032153904438
2459144.5,5,-1.6348870896759726,24.919276998577484,0.9928312751539061,1.4880923861637712
2459145.5,3,-1.802263600754964,24.942543477759617,0.9918387141580342,1.4878146015107632
2459146.5,6,-1.9696245439050797,24.96822834661019,0.9907494894925809,1.4878146015107632
2459147.5,6,-2.136966910721357,24.996346541870892,0.9895636110025274,1.4878146015107632
2459148.5,3,-2.304286985090064,25.02691406585007,0.9882810904648485,1.4853145396336913
2459149.5,10,-2.471581077019517,25.059948792317268,0.9869019417673562,1.4867034628987312
2459150.5,9,-2.63884453638754,25.095469609252326,0.9854261813034141,1.4753142921254039
2459151.5,8,-2.8060725903084744,25.13349718464744,0.9838538280835809,1.4867034628987312
2459152.5,4,-2.973259781596568,25.17405357241549,0.9821849041042576,1.4867034628987312
2459153.5,7,-3.140400051893839,25.21716233444387,0.9804194346850683,1.4869812475517392
2459154.5,5,-3.3074866871102575,25.262848573721985,0.9785574488312636,1.4858701089397073
2459155.5,11,-3.474512284163435,25.31113893822871,0.9765989796227017,1.490592448040843
2459156.5,5,-3.641516884304665,25.362060697218347,0.9745440622520343,1.491148017346859
2459157.5,7,-3.808395092682777,25.415646414312487,0.9723927161605552,1.4839256163686514
2459158.5,4,-3.9751848489310517,25.471926138877322,0.970145014822207,1.491703586652875
2459159.5,10,-4.141875739742321,25.53093281812511,0.9678010124794765,1.491148017346859
2459160.5,10,-4.308456369101862,25.592701176184832,0.9653607692651971,1.491425801999867
2459161.5,6,-4.474913444860062,25.6572680988794,0.9628243527187759,1.490870232693851
2459162.5,11,-4.641232916747897,25.724672044311795,0.9601918381977279,1.491703586652875
2459163.5,5,-4.807399703336899,25.794953129144798,0.9574633094173381,1.4928147252649069
2459164.5,8,-4.973396797393673,25.868153840044304,0.9546388595085366,1.4844811856746674
2459165.5,10,-5.139206421965961,25.944318062916075,0.9517185914872017,1.491148017346859
2459166.5,6,-5.304808925658943,26.023491801584186,0.9487026192289678,1.4928147252649069
2459167.5,7,-5.470183630996594,26.105722688461565,0.9455910681239529,1.4928147252649069
2459168.5,7,-5.63530677225897,26.191061477624203,0.9423840767561134,1.4775365693494678
2459169.5,8,-5.8001540630255555,26.279559911219103,0.9390817972159415,1.4994641953962855
2459170.5,11,-5.964699057459488,26.371272107801055,0.9356843963010821,1.4989259876310825
2459171.5,7,-6.128912457323602,26.466254702962054,0.9321920570742686,1.491408440459054
2459172.5,12,-6.2927634216971455,26.564566197869105,0.9286049797836479,1.4983704183250666
2459173.5,5,-6.45621848293127,26.666267469234906,0.9249233832979574,1.490592448040843
2459174.5,5,-6.619241611004912,26.771421710274268,0.9211475065482946,1.4980926336720586
2459175.5,13,-6.78179404604462,26.880094462223322,0.9172776100533745,1.4986482029780746
2459176.5,12,-6.943834102739512,26.99235366867314,0.9133139775536185,1.4875020937761292
2459179.5,9,-7.4264167789468205,27.3513661912241,0.9008638867003045,1.490592448040843
2459180.5,11,-7.585926331347546,27.47870010971214,0.8965286741878855,1.491148017346859
2459181.5,10,-7.744663892383544,27.609997640120362,0.8921015571649873,1.490870232693851
2459182.5,8,-7.902565620629771,27.74534194509657,0.8875829997161993,1.490592448040843
2459183.5,5,-8.059563048236505,27.884818829313623,0.8829735041153827,1.490870232693851
2459184.5,13,-8.215582690848208,28.02851679978755,0.8782736136440816,1.492536940611899
2459185.5,8,-8.370546175446606,28.176526964881422,0.8734839153266267,1.4833700470626354
2459186.5,11,-8.52436908496366,28.328943035931083,0.8686050432924943,1.492536940611899
2459187.5,15,-8.676961250899833,28.48586153080145,0.8636376820099689,1.492536940611899
2459188.5,7,-8.828226094484142,28.64738153309849,0.8585825698657216,1.492536940611899
2459189.5,11,-8.97806024598533,28.813604720393222,0.8534405029658205,1.492536940611899
2459190.5,14,-9.126353100351954,28.98463530539068,0.8482123391846494,1.489481309428811
2459191.5,7,-9.272986353761944,29.16058031532691,0.8428990024749082,1.4880923861637712
2459192.5,16,-9.417833486785463,29.3415480900636,0.8375014874690085,1.4828144777566195
2459193.5,10,-9.560759314499409,29.527650258795553,0.832020864342454,1.4878146015107632
2459194.5,11,-9.701619404693762,29.719000186639,0.8264582839931377,1.491148017346859
2459195.5,7,-9.840259559395957,29.915713138328222,0.8208149835296976,1.4878146015107632
2459196.5,17,-9.976515278086817,30.117906040648567,0.8150922920673249,1.4875368168577552
2459197.5,10,-10.110211261620183,30.325697575564927,0.809291636815606,1.489759094081819
2459198.5,15,-10.24116088091424,30.53920639084819,0.8034145495009981,1.490852871153038
2459199.5,14,-10.369165968163886,30.758552863774725,0.7974626729357219,1.4828144777566195
2459200.5,14,-10.494016582603106,30.98385716813812,0.7914377677915674,1.490852871153038
2459201.5,5,-10.61549131818411,31.215239023611126,0.7853417193297162,1.490314663387835
2459202.5,7,-10.733358355408253,31.452816928640896,0.7791765437692498,1.491703586652875
2459203.5,18,-10.847378042683328,31.696707133298744,0.7729443936582463,1.4928147252649069
2459204.5,5,-10.957308434406738,31.947022142845057,0.7666475610636603,1.491981371305883
2459205.5,12,-11.062919461457467,32.20386845833595,0.7602884751489345,1.4930925099179149
2459206.5,9,-11.164023176723425,32.467341904512075,0.7538696882546548,1.4842034010216594
2459207.5,12,-11.26056454417071,32.73751710717419,0.7473938299365971,1.4930925099179149
2459208.5,15,-11.352912912196542,33.01441356758231,0.7408634636570475,1.4930925099179149
2459209.5,7,-11.443324623069975,33.29783325690161,0.734280542264145,1.4928147252649069
2459210.5,11,-11.553813306333279,33.58533166150482,0.7276425259510657,1.4991690492024645
2459211.5,13,-11.57454141980065,33.207431779353065,0.7208642373228233,1.3019766686484218
2459212.5,13,-11.635961088399426,33.51204118628256,0.7141653512509073,1.4847589703276753
2459213.5,14,-11.721761332184963,33.819655560370286,0.7074202760095212,1.4930925099179149
2459214.5,20,-11.804628748055912,34.1347499498802,0.70062620565591,1.4930925099179149
2459215.5,17,-11.881173728619054,34.4578913997417,0.693786014787891,1.4886479554697871
2459216.5,21,-11.950055996701368,34.78928876852385,0.6869037790896567,1.491425801999867
2459217.5,19,-12.010308163099245,35.12891004326549,0.6799842661036992,1.491148017346859
2459218.5,6,-12.061290240678755,35.477102480350474,0.6730325424053831,1.2661424484103918
2459219.5,13,-12.1021700868076,35.833754130679424,0.6660542549040548,1.4844638241338544
2459220.5,17,-12.13218076413586,36.198855808902266,0.6590554585648629,1.4828144777566195
2459221.5,25,-12.150529256420489,36.572361506524814,0.6520426584311689,1.491148017346859
2459222.5,18,-12.156389515232027,36.95418378366013,0.6450228268107054,1.491148017346859
2459223.5,16,-12.148898265926608,37.34418881334795,0.6380034237071329,1.492536940611899
2459224.5,25,-12.127153819539188,37.74218999690345,0.6309924187860955,1.492536940611899
2459225.5,23,-12.090215817215428,38.14794183900365,0.6239983136610912,1.490314663387835
2459226.5,14,-12.03710653711141,38.56113267508828,0.6170301638685143,1.492259155958891
2459227.5,12,-11.966812422414662,38.981377059072194,0.610097600285183,1.2508642924949527
2459228.5,20,-11.878288972786315,39.408207574692916,0.6032108481406454,1.492536940611899
2459229.5,17,-11.77046490745794,39.84106638812122,0.5963807439788529,1.492519579071086
2459230.5,18,-11.64224891604969,40.279296449646914,0.5896187491994717,1.4928147252649069
2459231.5,16,-11.492537945036393,40.722132605097016,0.5829369593205673,1.2941986983641982
2459238.5,1,-9.753281925961856,43.86016411345192,0.5395577595625388,0.1300032176077366
2459239.5,16,-9.394863447886792,44.29672639340794,0.5340268582286289,1.490019517194014
2459240.5,13,-9.006904134507444,44.72495976112739,0.5287114725388569,1.4928147252649069
2459241.5,11,-8.589109805829052,45.142710986926666,0.5236287585140148,1.4844638241338544
2459242.5,15,-8.14140428564414,45.547706621956735,0.5187959805057302,1.4928147252649069
2459243.5,15,-7.66395805068995,45.937571963454495,0.5142303769928771,1.492241794418078
2459244.5,16,-7.157214776213237,46.30985526408305,0.5099490102865725,1.4928147252649069
2459245.5,14,-6.621915716800288,46.66205738258118,0.5059686016351513,1.4928147252649069
2459246.5,23,-6.059119091615177,46.991666594709265,0.5023053534486389,1.4886479554697871
2459247.5,14,-5.4702143715088285,47.29619815382853,0.4989747617632515,1.490592448040843
2459248.5,15,-4.856928353670786,47.573237542989936,0.49599142304977856,1.4825366931036115
2459249.5,15,-4.221325289433303,47.82048722615354,0.4933688385616446,1.490592448040843
2459250.5,19,-3.5657955401647823,48.0358130410851,0.49111922250964646,1.4992037722840905
2459251.5,17,-2.8930356749674395,48.21729248517896,0.4892533189175184,1.4825193315627985
2459252.5,22,-2.206018523168421,48.3632610745115,0.4877802329466846,1.491425801999867
2459253.5,18,-1.507952711476296,48.472349856086865,0.4867072825863227,1.490592448040843
2459254.5,20,-0.8022360531476737,48.543522785681986,0.4860398755198406,1.4830922624096274
2459255.5,20,-0.09239871927212563,48.57610283866669,0.4857814161420651,1.490870232693851
2459256.5,16,0.6179559229426701,48.56979024617542,0.48593324572315133,1.491425801999867
2459257.5,13,1.3252152202615906,48.524670149376234,0.48649461870832306,1.490592448040843
2459258.5,18,2.0258206992185905,48.44121003789053,0.4874627156599067,1.49057508650003
2459259.5,16,2.71632976526427,48.3202466130334,0.48883269257714473,1.490870232693851
2459260.5,14,3.3934724321174414,48.16296349273125,0.49059776439885394,1.489481309428811
2459261.5,17,4.054201842857705,47.970860051191416,0.492749319657962,1.490592448040843
2459262.5,15,4.695737034665897,47.74571321351882,0.49527706224458695,1.4825193315627985
2459263.5,18,5.315595150107746,47.489534950208125,0.4981691745389364,1.490870232693851
2459264.5,5,5.911615134736728,47.20452580272349,0.5014124970389168,1.0750266071408987
2459265.5,22,6.481970856235347,46.893027568853675,0.5049927184386771,1.491408440459054
2459266.5,8,7.025174758726585,46.55747650293753,0.5088945705602734,1.490870232693851
2459267.5,10,7.540074251750994,46.200358635880896,0.5131020232094665,1.4886479554697871
2459268.5,8,8.025837891777044,45.82416829038612,0.5175984739998882,1.4930925099179149
2459269.5,14,8.481938677665458,45.43137146491549,0.5223669293135049,1.4814081929507665
2459270.5,8,8.90813038899018,45.0243732328902,0.5273901733769398,1.491148017346859
2459271.5,16,9.304421722345143,44.605491278890106,0.5326509231668144,1.490870232693851
2459272.5,14,9.671047808060358,44.17693429138866,0.5381319674123012,1.490314663387835
2459273.5,19,10.008441917507714,43.74078535818575,0.5438162894012908,1.491425801999867
2459274.5,20,10.317206701739131,43.298990560765574,0.5496871726428487,1.4883354477351531
2459275.5,19,10.598083807914032,42.85335151086028,0.5557282906888544,1.490870232693851
2459278.5,18,11.282369171555619,41.509164091164955,0.5747170597759557,1.490036878734827
2459279.5,12,11.461037470559694,41.06321289316377,0.5812858977973738,1.490314663387835
2459280.5,15,11.616780106688438,40.620234228034775,0.5879512521679446,1.490870232693851
2459281.5,14,11.75070055357492,40.18118136226177,0.5947002005064501,1.490870232693851
2459282.5,13,11.863903779922508,39.74688523478178,0.6015204543052313,1.491148017346859
2459283.5,13,11.957484899263127,39.318070668167266,0.6084003741693297,1.4828144777566195
2459284.5,3,12.032521111038264,38.89535348708735,0.6153289350826995,1.490870232693851
2459285.5,7,12.090063946955459,38.479256994479286,0.6222957314965879,1.491148017346859
2459286.5,7,12.131133832762849,38.07021856511322,0.6292909564235762,1.491148017346859
2459287.5,12,12.156715814319043,37.668597883015124,0.6363053821818261,1.491148017346859
2459288.5,6,12.167756453141346,37.274684802772626,0.6433303390115958,1.488908378581982
2459289.5,11,12.165161086125698,36.888706461218135,0.6503576918543381,1.491148017346859
2459290.5,12,12.149795066493521,36.51083536462147,0.6573798175020182,1.4842034010216594
2459291.5,9,12.122479457317663,36.141193983486886,0.6643895792757498,1.491148017346859
2459292.5,13,12.083993480663665,35.779861873782714,0.6713803027648055,1.491148017346859
2459293.5,6,12.035074357307046,35.426880731938276,0.6783457514368818,1.491148017346859
2459294.5,18,11.976418122991447,35.08225930188858,0.6852801026010485,1.491148017346859
2459295.5,15,11.908680720174281,34.7459777940679,0.6921779239241693,1.488925740122795
2459296.5,8,11.832480821339212,34.41799054139125,0.6990340922330438,1.491148017346859
2459297.5,7,11.748395266865481,34.09823485995896,0.7058440060235773,1.4972592797130346
2459298.5,11,11.656970035425836,33.78662638204247,0.712603211519963,1.4964259257540107
2459299.5,10,11.558714685322768,33.483067104528246,0.7193076184161876,1.490870232693851
2459300.5,10,11.45410673843753,33.18744662196154,0.7259534214068543,1.490314663387835
2459301.5,5,11.343592945260736,32.899644351934775,0.7325370820082219,1.491148017346859
2459302.5,10,11.227590967398092,32.61953151257538,0.7390553112829659,1.4883701708167791
2459303.5,9,11.106490710160548,32.346973633264945,0.7455050482480797,1.490592448040843
2459304.5,7,10.98065705920378,32.08182889567938,0.7518834653158336,1.4819811237975955
2459305.5,5,10.850431230737447,31.823954212231317,0.7581879229631664,1.49057508650003
2459306.5,12,10.716130585391353,31.57320316200261,0.7644159777330187,1.49057508650003
2459307.5,7,10.57804869045182,31.329427911309367,0.7705653617315114,1.490592448040843
2459308.5,3,10.436461028288052,31.092479984113293,0.7766339715928914,1.490592448040843
2459309.5,10,10.291624255096927,30.86221101475834,0.7826198575592476,1.489463947887998
2459310.5,5,10.143777320379531,30.638473405650657,0.7885212129097166,1.490870232693851
2459311.5,4,9.993142984679883,30.421120744379117,0.7943363642724206,1.4822589084506035
2459312.5,9,9.839928344995835,30.210008445205645,0.800063762283814,1.490870232693851
2459313.5,7,9.684326222637415,30.004994003115947,0.8057019730434565,1.490870232693851
2459314.5,15,9.526516028785789,29.80593734819071,0.8112496700975361,1.490870232693851
2459315.5,2,9.366664660011939,29.612701109487038,0.8167056269552072,1.490870232693851
2459316.5,11,9.204927337073858,29.425150820292274,0.8220687101054607,1.488925740122795
2459317.5,10,9.041448217012857,29.243155087341897,0.8273378724077058,1.490870232693851
2459318.5,5,8.87636182768556,29.066585752454092,0.8325121473013557,1.4822589084506035
2459319.5,9,8.709792705766265,28.89531794268474,0.837590642867748,1.490870232693851
2459320.5,7,8.541856737025325,28.729230181467333,0.8425725366319272,1.490870232693851
2459321.5,4,8.37266158006296,28.568204427209412,0.8474570706450396,1.491425801999867
2459322.5,5,8.202307225155987,28.412126104052817,0.8522435468959031,1.490870232693851
2459323.5,11,8.03088651302948,28.260884108463646,0.8569313230337046,1.491148017346859
2459324.5,9,7.858485402462971,28.114370861093125,0.8615198082606619,1.49057508650003
2459325.5,6,7.685184302314378,27.97248209113066,0.8660084599721845,1.4836478317156434
2459326.5,5,7.511057168198573,27.835117098845508,0.8703967799489623,1.490592448040843
2459327.5,6,7.336172779777353,27.70217852972244,0.8746843112290967,1.490592448040843
2459328.5,6,7.1605948867039,27.573572384984995,0.878870635104583,1.490592448040843
2459329.5,7,6.984382546061166,27.44920796085039,0.8829553683150877,1.49057508650003
2459330.5,9,6.807590443401555,27.328997809513456,0.8869381604314397,1.490592448040843
2459331.5,7,6.630268814620003,27.212857363484872,0.8908186912150842,1.4928147252649069
2459332.5,5,6.452465195602567,27.100706112416376,0.8945966689313556,1.4842034010216594
2459333.5,5,6.27422248793655,26.992465687644643,0.8982718276668784,1.4928147252649069
2459334.5,9,6.095580646740788,26.88806103719969,0.9018439255182772,1.4928147252649069
2459335.5,5,5.9165765452507575,26.78742005134191,0.9053127427579194,1.4928147252649069
2459336.5,5,5.737244184698623,26.69047350410614,0.908678080115138,1.4928147252649069
2459337.5,12,5.557616371402079,26.59715496027919,0.9119397575995251,1.488925740122795
2459338.5,5,5.377720498394696,26.5074008833762,0.9150976126208513,1.490592448040843
2459339.5,4,5.197582931501608,26.421150031867697,0.9181514980499451,1.4819811237975955
2459340.5,7,5.017228065021042,26.338344189656844,0.9211012814570029,1.490592448040843
2459341.5,10,4.836678196737537,26.258927575299303,0.923946843874792,1.490592448040843
2459342.5,5,4.655953748904121,26.182846912274385,0.9266880786643918,1.490592448040843
2459343.5,7,4.475073378563273,26.110051375071606,0.9293248904672955,1.490592448040843
2459344.5,6,4.294054117325072,26.04049253315886,0.9318571942249715,1.488925740122795
2459345.5,4,4.112910809110677,25.97412394525506,0.9342849139072132,1.490592448040843
2459346.5,3,3.931658867103302,25.910902531980412,0.9366079827294539,1.4819811237975955
2459347.5,5,3.7503104195208685,25.850786370300042,0.9388263413420846,1.490592448040843
2459348.5,8,3.5688770196725876,25.793736096941096,0.9409399374018481,1.490870232693851
2459349.5,3,3.3873690945433457,25.739714496482456,0.9429487249080846,1.490592448040843
2459350.5,7,3.2057960243045542,25.688686461473285,0.9448526635760804,1.490592448040843
2459351.5,9,3.024166218542838,25.64061894455561,0.9466517182547433,1.4886479554697871
2459352.5,4,2.842486855446609,25.595480913108513,0.948345858203647,1.490592448040843
2459353.5,8,2.6607652931425734,25.553243372910206,0.9499350571383331,1.4819811237975955
2459354.5,5,2.4790071284033264,25.513879226569316,0.9514192922506791,1.49057508650003
2459355.5,2,2.2972175935111943,25.477363321557803,0.9527985439441181,1.490852871153038
2459356.5,4,2.115401286601726,25.443672402373554,0.9540727954578622,1.490592448040843
2459357.5,5,1.9335622262251508,25.412785070091374,0.9552420325166273,1.490592448040843
2459358.5,7,1.7517039080143406,25.38468177021891,0.9563062430126639,1.4880750246229582
2459359.5,2,1.5698290317158305,25.35934479049822,0.9572654165404533,1.490835509612225
2459360.5,5,1.3879408439823653,25.336758137075776,0.9581195446620488,1.4822589084506035
2459361.5,2,1.2060412518031234,25.316907661348367,0.9588686201728139,1.49057508650003
2459362.5,5,1.024132156593483,25.299780951103198,0.9595126370497319,1.490592448040843
2459363.5,6,0.8422151800448034,25.285367338331305,0.9600515902851556,1.490592448040843
2459364.5,5,0.660291706493359,25.273657884317775,0.960485475737223,1.490592448040843
2459365.5,5,0.47836292755636484,25.26464537427693,0.9608142900060639,1.49057508650003
2459366.5,5,0.29642982535436246,25.25832395924315,0.9610380301779815,1.490436194188078
2459367.5,6,0.11386960504214018,25.25439683096918,0.9611564319825745,1.4814255544915795
2459368.5,4,-0.06807830441992914,25.25345854313694,0.9611696554260576,1.490592448040843
2459369.5,10,-0.25002790340480985,25.255205485988448,0.9610777946322839,1.490592448040843
2459370.5,8,-0.4319783009043531,25.25963896383706,0.9608808488781005,1.490592448040843
2459371.5,7,-0.6139285891432795,25.26676197557691,0.9605788179624439,1.4680745296063833
2459372.5,6,-0.7958777778774344,25.276579220060285,0.9601717022290839,1.4885958708473481
2459373.5,6,-0.9778250323770896,25.28909686251943,0.959659502469906,1.49057508650003
2459374.5,10,-1.1597684515202769,25.304323533194555,0.9590422204937099,1.4819811237975955
2459375.5,4,-1.341706790697843,25.322268832687183,0.9583198587873796,1.49057508650003
2459376.5,7,-1.52363825172721,25.34294435712032,0.9574924207904107,1.490592448040843
2459377.5,3,-1.7055607292571269,25.366363452843324,0.9565599110669643,1.490592448040843
2459378.5,9,-1.8874717567495294,25.39254124415527,0.9555223354992961,1.490592448040843
2459379.5,6,-2.069368462227862,25.421494635222235,0.9543797015091294,1.4886132323881611
2459380.5,5,-2.2512479035433395,25.45324206944632,0.9531320180891782,1.490870232693851
2459381.5,4,-2.433105491231672,25.487804655160698,0.9517792967208611,1.4822589084506035
2459382.5,2,-2.6149372069650716,25.52520451819235,0.9503215510523971,1.490592448040843
2459383.5,2,-2.7967380411773126,25.565465953061164,0.9487587974416085,1.490592448040843
2459384.5,2,-2.978502308370665,25.60861516608231,0.9470910553319281,1.490592448040843
2459385.5,4,-3.1602235858023495,25.654680312742098,0.9453183476601581,1.490557724959217
2459386.5,6,-3.34189464732772,25.70369152548318,0.9434407013014947,1.4885958708473481
2459387.5,6,-3.5235069653404927,25.755681517792638,0.9414581477846165,1.490592448040843
2459388.5,4,-3.705052340343788,25.810683362008177,0.9393707231418457,1.4817033391445875
2459389.5,6,-3.8865202968783654,25.868733929049643,0.9371784691178084,1.490540363418404
2459390.5,10,-4.067899666850465,25.929871653119587,0.9348814335951121,1.490592448040843
2459391.5,4,-4.249178092967446,25.994137154449653,0.932479671245959,1.490557724959217
2459392.5,5,-4.430341934995438,26.061573285998826,0.9299732442450286,1.490592448040843
2459393.5,10,-4.611376172244849,26.13222517625006,0.9273622230389824,1.4880750246229582
2459394.5,8,-4.7922654591748275,26.20613929617907,0.9246466895459059,1.491148017346859
2459395.5,4,-4.972989346638517,26.28336748630993,0.9218267278918612,1.4819811237975955
2459396.5,5,-5.153529210926998,26.363961025609203,0.9189024416032183,1.491148017346859
2459397.5,7,-5.333863408227758,26.447974698593164,0.915873943121874,1.491148017346859
2459398.5,7,-5.513968304282145,26.535465842301946,0.9127413579547252,1.491130655806046
2459399.5,7,-5.69381814213486,26.626494410387288,0.9095048258676014,1.491148017346859
2459400.5,7,-5.873385599433144,26.721123042795742,0.9061645020536044,1.4886479554697871
2459401.5,5,-6.052639810879242,26.819417536779856,0.9027205583070226,1.4519803812727332
2459402.5,9,-6.231547904612018,26.92144527019313,0.8991731847528612,1.4822589084506035
2459403.5,7,-6.41007350146511,27.027277714615696,0.8955225917860768,1.4822589084506035
2459404.5,9,-6.588177710369154,27.136988867044202,0.8917690113980441,1.490314663387835
2459405.5,14,-6.765818416685629,27.2506557276164,0.8879126989616377,1.490314663387835
2459406.5,13,-6.942950050140828,27.368358368114794,0.8839539351593206,1.491148017346859
2459407.5,11,-7.119523235974546,27.49018005483897,0.8798930280519729,1.4861478935927153
2459408.5,5,-7.295483825090001,27.616201650025893,0.8757303155805192,1.490592448040843
2459409.5,9,-7.470776603515979,27.74652364630523,0.8714661674252518,1.4811477698385715
2459410.5,5,-7.6453382661148,27.88123364619222,0.8671009872402482,1.3944789581000805
2459411.5,11,-7.8191018484566435,28.0204279837098,0.8626352163794846,1.49057508650003
2459412.5,13,-7.991995179803435,28.164206400310956,0.8580693363535122,1.490592448040843
2459413.5,5,-8.16394048745056,28.312672087750688,0.8534038719541286,1.490592448040843
2459414.5,14,-8.334854240153744,28.465931529257748,0.8486393945969821,1.4886305939289741
2459415.5,10,-8.504645794610575,28.624095297593435,0.8437765257858225,1.490870232693851
2459416.5,30,-8.673218326350213,28.787276888028273,0.8388159413253604,1.4814255544915795
2459417.5,12,-8.840467468902327,28.955593492980036,0.8337583750348765,1.490592448040843
2459418.5,9,-9.006281032051051,29.129165786299716,0.8286046232447385,1.490870232693851
2459419.5,11,-9.170538502284597,29.308117873497757,0.8233555494595561,1.490870232693851
2459420.5,12,-9.333110522598522,29.492577215774272,0.8180120893147752,1.490870232693851
2459421.5,11,-9.493858503827578,29.682674514553963,0.8125752558319774,1.4886479554697871
2459422.5,13,-9.652633617320232,29.878543595395072,0.8070461449060243,1.490870232693851
2459423.5,20,-9.80927713806672,30.080321141454576,0.8014259413296566,1.4819811237975955
2459424.5,16,-9.96361963256643,30.288146474540845,0.7957159246151111,1.490870232693851
2459425.5,9,-10.115481041573014,30.502161168280487,0.7899174752060482,1.490870232693851
2459426.5,13,-10.264671119684579,30.722508540219515,0.7840320805191894,1.490870232693851
2459427.5,20,-10.410990818195309,30.949332912529268,0.778061340489807,1.491148017346859
2459428.5,12,-10.55423535706582,31.18277859560237,0.77200697185269,1.4864256782457232
2459429.5,15,-10.69421465306592,31.422985193580033,0.765870804598657,1.490314663387835
2459430.5,15,-10.830721121797565,31.670094639865297,0.759654788929873,1.4819811237975955
2459431.5,17,-10.9636459887117,31.924227576759957,0.7533609654232714,1.49057508650003
2459432.5,18,-11.093061809698135,32.185472816789606,0.7469913966973488,1.4928147252649069
2459433.5,12,-11.21969887764243,32.453809999507236,0.7405479561361366,1.4927973637240939
2459434.5,4,-11.3478085548949,32.72868035147973,0.7340313890029225,1.48918616323499
2459435.5,13,-11.573330915930047,32.99926104010716,0.7274297087077628,1.5000371262431145
2459436.5,13,-11.563313382084658,36.704257487739156,0.7206403385926242,1.4930925099179149
2459437.5,9,-11.452111761806075,37.03067027762699,0.7139949399745583,1.4839256163686514
2459438.5,16,-11.342322399959254,37.36138255879954,0.7074121353257009,1.490870232693851
2459439.5,18,-11.222876849915735,37.69489760560577,0.7008953496962865,1.490870232693851
2459440.5,22,-11.091336875144696,38.03080212291754,0.6944509484169666,1.490592448040843
2459441.5,18,-10.946899599869353,38.36813712238502,0.6880862288456119,1.490592448040843
2459442.5,21,-10.788698245667424,38.706571791344565,0.6818088718542834,1.4880923861637712
2459443.5,23,-10.616121433571493,39.04552481411352,0.675627007497023,1.490592448040843
2459444.5,17,-10.428623690965711,39.38436699962092,0.669549098302277,1.4814255544915795
2459445.5,19,-10.225705097947763,39.72241807464169,0.663583908173196,1.490592448040843
2459446.5,18,-10.006905800425434,40.058943869289045,0.6577404781051494,1.490592448040843
2459447.5,8,-9.771806928731019,40.39315524982501,0.6520281029807833,1.490592448040843
2459448.5,23,-9.520034771159978,40.72420759428214,0.6464563068142924,1.490592448040843
2459449.5,17,-9.25126665504604,41.051201639948864,0.6410348150316068,1.4880923861637712
2459450.5,16,-8.965238221413658,41.37318491967346,0.6357735228745958,1.490592448040843
2459451.5,16,-8.66175015421145,41.68915486543477,0.6306824600482973,1.4817033391445875
2459452.5,18,-8.340677731811425,41.998061758610845,0.6257717500464144,1.49057508650003
2459453.5,16,-8.001978212370236,42.29881397492285,0.6210515651902622,1.490592448040843
2459454.5,14,-7.645699120828145,42.590284360668996,0.616532076780299,1.490592448040843
2459455.5,11,-7.271986456902555,42.87131694920589,0.6122234006354128,1.490870232693851
2459456.5,18,-6.881091911737293,43.14073595486989,0.6081355380622157,1.4883701708167791
2459457.5,20,-6.473379603476294,43.397355500741945,0.6042783128204617,1.490592448040843
2459458.5,20,-6.049331468221668,43.639990348407075,0.6006613046246815,1.4811304082977585
2459459.5,15,-5.609551686057204,43.86746953238297,0.5972937796778143,1.490592448040843
2459460.5,16,-5.154769236678937,44.078646789492126,0.594184619300114,1.490592448040843
2459461.5,20,-4.685838809354414,44.27241610169756,0.5913422474880072,1.491148017346859
2459462.5,12,-4.203739548438823,44.447725225664165,0.5887745585597016,1.4819811237975955
2459463.5,12,-3.7095717829112953,44.60359001735084,0.5864888461230375,1.4883701708167791
2459464.5,15,-3.204551388137445,44.739108470694944,0.5844917345954826,1.490592448040843
2459465.5,18,-2.6900017518862875,44.85347425031072,0.5827891146910973,1.4816859776037745
2459466.5,16,-2.1673436482146506,44.9459891580859,0.5813860841288696,1.490592448040843
2459467.5,17,-1.6380826273750682,45.016074492521696,0.5802868948906602,1.49057508650003
2459468.5,15,-1.103795380274594,45.063279967561684,0.579494908288366,1.017802968621254
2459478.5,16,4.15278677078889,44.27874327617172,0.588531644694299,1.4930925099179149
2459479.5,13,4.635503463762262,44.0845319698164,0.5910700814027416,1.4855923242866993
2459480.5,14,5.105107696129733,43.872581869222685,0.593883574101006,1.4930751483771019
2459481.5,15,5.560615335749046,43.643993567054075,0.5969642596046152,1.4930925099179149
2459482.5,14,6.0011664395239315,43.399913439875974,0.6003037420932829,1.4930925099179149
2459483.5,11,6.4260264698022285,43.14151954250607,0.6038931652977958,1.4930925099179149
2459484.5,16,6.834585433160278,42.870008024260976,0.607723284750654,1.4878146015107632
2459485.5,16,7.2263554183703675,42.586580572844355,0.6117845391314551,1.490557724959217
2459486.5,13,7.600966295007691,42.29243256121679,0.6160671195847075,1.4817033391445875
2459487.5,12,7.958159973180173,41.98874247730034,0.6205610361017764,1.490592448040843
2459488.5,11,8.297784001169637,41.67666269634299,0.6252561804761458,1.490592448040843
2459489.5,15,8.619784030620629,41.357311406886694,0.6301423851608108,1.490592448040843
2459490.5,14,8.924195782251177,41.03176587957772,0.6352094776227972,1.490592448040843
2459491.5,10,9.211136662806615,40.70105697458741,0.6404473299608205,1.1422504931688309
2459492.5,10,9.480797009811852,40.36616510276703,0.6458459034884617,1.490870232693851
2459493.5,15,9.733432502146279,40.02801621623186,0.651395288910578,1.4811477698385715
2459494.5,8,9.969354449794164,39.687480979626784,0.6570857408744349,1.490314663387835
2459495.5,12,10.188922689907354,39.34537271357405,0.6629077082723039,1.490314663387835
2459496.5,18,10.392537739215081,39.0024472755298,0.668851859927557,1.489759094081819
2459497.5,11,10.580633627501308,38.65940337720189,0.6749091059883592,1.490314663387835
2459498.5,8,10.753671258618311,38.31688354480595,0.6810706153462383,1.4878146015107632
2459499.5,4,10.912132255113752,37.97547563229494,0.6873278293342329,1.490592448040843
2459500.5,15,11.056513745284816,37.63571427842707,0.6936724721873373,1.4814255544915795
2459501.5,13,11.187323996299698,37.29808286916953,0.7000965572908644,1.490592448040843
2459502.5,17,11.305073829576367,36.963018687949244,0.7065923968150065,1.490592448040843
2459503.5,12,11.410279022850675,36.63091080965835,0.7131525952173189,1.1553063718602061
2459504.5,10,11.503452993480474,36.30210592999609,0.7197700557681986,1.490592448040843
2459505.5,13,11.585104738104226,35.97691026996159,0.726437977118272,1.489759094081819
2459508.5,7,11.76590211226358,35.02549022942149,0.7466808451082515,1.4778143540024757
2459509.5,13,11.806390642666827,34.717078194617805,0.7534883639458492,1.5000371262431145
2459511.5,2,11.860456385925811,34.1142523271081,0.7671604522428705,0.7500185631215572
2459512.5,4,11.87490409754469,33.820052576304,0.7740149979938928,0.7393238539807498
2459513.5,5,11.881516964860799,33.53076807816477,0.7808756060146603,0.7451573316939175
2459514.5,1,11.880692088953923,33.246455172256915,0.7877378667123567,0.7405738849192858
2459515.5,4,11.872811037121679,32.96715262721589,0.7945975953749989,0.7451573316939175
2459516.5,2,11.858239767948293,32.69288411666444,0.8014508231482811,0.7451573316939175
2459517.5,1,11.837328770857303,32.42365961200985,0.8082937880602301,0.7451573316939175
2459518.5,3,11.810413283496942,32.159476850210716,0.8151229261474519,0.7497407784685493
2459520.5,8,11.739835320187971,31.646173829723555,0.8287264037476006,1.490592448040843
2459521.5,9,11.696769870487437,31.396999966943326,0.8354945278500107,1.4814255544915795
2459522.5,5,11.648894897352232,31.15276183830854,0.84223637767087,1.490592448040843
2459523.5,6,11.596474702602052,30.91341414669725,0.8489492524313285,1.490592448040843
2459524.5,12,11.539760753595944,30.678905926420732,0.8556306002690268,1.490592448040843
2459525.5,7,11.478992192634704,30.449181310385132,0.8622780109718484,1.4264241931959987
2459526.5,6,11.414396367833408,30.224180233297208,0.8688892090124569,1.4880923861637712
2459527.5,6,11.346189224081392,30.003838629616936,0.8754620468124011,1.490592448040843
2459528.5,8,11.274576467641975,29.78809069090908,0.8819944986356191,1.4814255544915795
2459529.5,4,11.199753277644186,29.576866784239208,0.8884846543742227,1.4776754616759717
2459530.5,2,11.12190549573956,29.370095588928727,0.8949307139541947,0.7452962240204215
2459531.5,1,11.041211046339908,29.167704272285505,0.9013309822080263,0.578347647562623
2459532.5,1,10.957838668444467,28.969618136341197,0.9076838643540537,0.7452962240204215
2459534.5,6,10.78369943132308,28.5860554459318,0.9202415623563474,1.490314663387835
2459535.5,5,10.693240070704006,28.40042355595585,0.9264436503408295,1.4755747152375989
2459536.5,7,10.600720448742969,28.218784583141368,0.9325928915502247,1.314754762686789
2459537.5,5,10.506291122193034,28.041055450028008,0.9386881393744312,1.4994815569370985
2459538.5,9,10.4101103406944,27.86714851821817,0.9447283359793064,1.2700314335525036
2459539.5,3,10.312355921070337,27.69696752772001,0.9507125197879989,0.9016889836639166
2459540.5,3,10.213264451367131,27.530390474805564,0.9566398502447374,1.4878146015107632
2459541.5,10,10.113137869298164,27.367284927739053,0.9625096283720569,1.4994815569370985
2459542.5,4,10.01260091011758,27.207392118893075,0.9683214182165748,0.6783501226454973
2459543.5,4,9.913198593765607,27.050136763771068,0.9740753488240742,1.490592448040843
2459544.5,5,9.821316953334915,26.89324497713328,0.9797734141359452,1.490314663387835
2459546.5,1,5.0372786820743585,20.978472603634092,0.9890252581566049,0.7405738849192858
2459547.5,0,4.758060230968492,20.94685154197527,0.9918528142616464,0.7439073007553816
2459548.5,0,4.489507659139103,20.902296799091914,0.9945230659615107,0.7418152350874152
2459549.5,1,4.223826788118316,20.857618769303393,0.9970391606880287,0.613904083147645
2459550.5,3,3.9596473642598684,20.81497408214156,0.9994022788304064,0.7547322214522865
2459551.5,4,3.696508238951611,20.77500692729341,1.001613135064579,0.7211289592087269
2459552.5,7,3.434336671824301,20.738437947479834,1.0036723154566607,1.490314663387835
2459553.5,2,3.1727279381672577,20.704403876027605,1.0055802339224562,1.438368933275342
2459554.5,2,2.9117252679649486,20.673424669160884,1.0073372394450024,1.4880923861637712
2459555.5,2,2.6512585976413847,20.645510532894104,1.0089436611633773,1.490592448040843
2459556.5,3,2.3912683406391637,20.620658324919777,1.0103997910612899,1.4814255544915795
2459557.5,6,2.1317010444577953,20.598858608149598,1.0117058886272279,1.49057508650003
2459558.5,6,1.8725069734934883,20.58009939703969,1.0128621836568716,1.490592448040843
2459559.5,11,1.6136391601601314,20.564368209014216,1.013868877999712,1.49057508650003
2459560.5,9,1.355052039534911,20.551653340687796,1.014726146883174,1.490314663387835
2459561.5,4,1.0967013260023073,20.5419445843934,1.0154341395843829,0.42695501167327166
2459562.5,3,0.8385435060275421,20.53523369025084,1.015992980017511,1.0758599610999227
2459563.5,3,0.580535947765016,20.531514738397664,1.0164027672942473,1.4814255544915795
2459564.5,3,0.3226362431380237,20.530784246957396,1.0166635759100564,1.4878146015107632
2459565.5,1,0.06480223937957687,20.53304136015852,1.0167754560138944,1.490592448040843
2459566.5,4,-0.19300737764773773,20.53828802738763,1.016738433517511,1.490592448040843
2459567.5,7,-0.4508342788489213,20.54652894834247,1.016552510509155,1.490592448040843
2459568.5,9,-0.7087197921064301,20.557771726227767,1.0162176650657415,1.4878146015107632
2459569.5,6,-0.966705376749657,20.57202686319044,1.0157338512960843,1.490592448040843
2459570.5,6,-1.224831692566498,20.589308012864393,1.0151009997858884,1.4814255544915795
2459571.5,5,-1.4831400780592392,20.609631727831303,1.0143190172539793,1.490592448040843
2459572.5,11,-1.7416719136638534,20.633017687318773,1.0133877866693446,1.490592448040843
2459573.5,5,-2.0004676988239027,20.659488876945282,1.0123071671396249,1.492536940611899
2459574.5,6,-2.2595688540252223,20.68907139313541,1.0110769943344682,1.490870232693851
2459575.5,7,-2.519016554407095,20.721794698018947,1.0096970800004685,1.4872590322047472
2459576.5,5,-2.7788522173740167,20.757691648840915,1.0081672119901062,1.490314663387835
2459577.5,7,-3.0391168341055006,20.796798626775136,1.006487154492152,1.4811477698385715
2459578.5,7,-3.299852004330072,20.83915557333702,1.0046566477132484,1.490314663387835
2459579.5,10,-3.561099270627468,20.884806147393146,1.0026754078949331,1.490314663387835
2459580.5,5,-3.822900293422942,20.933797833303075,1.0005431272524294,1.490314663387835
2459581.5,5,-4.085296857710767,20.986182071491218,0.9982594739042245,1.490314663387835
2459582.5,11,-4.348330875861894,21.042014405774825,0.9958240917992651,1.4875194553169422
2459583.5,6,-4.61204434942973,21.101354687185275,0.9932366006637019,1.490314663387835
2459584.5,7,-4.8764795137175,21.16426703595297,0.9904965958694838,1.4811477698385715
2459585.5,6,-5.141678608406965,21.23082033866819,0.987603648422395,1.4330910248681903
2459586.5,9,-5.407684011836381,21.301088233860085,0.9845573048824514,1.490314663387835
2459587.5,9,-5.67453818928398,21.375149384340354,0.9813570873082158,1.490297301847022
2459588.5,7,-5.942283670073645,21.453087699516832,0.9780024932129312,0.8661325480788946
2459591.5,11,-6.7512943540534085,21.711088689883063,0.9670070577517104,1.3025322379544377
2459592.5,12,-7.023030576158958,21.805488943636686,0.9630294406957209,1.4858701089397073
2459593.5,8,-7.295870556291542,21.904274120314625,0.9588945661348446,1.490314663387835
2459594.5,8,-7.569856409667976,22.007565613255785,0.9546017844220763,1.490314663387835
2459595.5,9,-7.845029969654104,22.11549228093311,0.9501504216643238,1.386128056969028
2459596.5,9,-8.121432698189732,22.22819087305814,0.9455397799100487,1.4878146015107632
2459597.5,10,-8.39910541283254,22.34580655043695,0.9407691375048601,1.4880923861637712
2459598.5,1,-8.678088837076718,22.468493121550313,0.9358377490537886,0.08472431916743517
2459599.5,0,-8.958422463267652,22.59641396604328,0.9307448461780725,0.11166943050920963
2459600.5,10,-9.240145056819863,22.72974234993822,0.9254896378289705,1.492259155958891
2459601.5,10,-9.523294306037318,22.86866211299848,0.9200713108709051,1.492259155958891
2459602.5,8,-9.807906608025997,23.013368340201914,0.9144890307631424,1.492259155958891
2459603.5,8,-10.094016836554173,23.1640680954303,0.9087419423712515,1.4878146015107632
2459604.5,12,-10.381658047446015,23.32098120031071,0.9028291712130518,1.490592448040843
2459605.5,12,-10.670862710381464,23.484341117552553,0.89674982302143,1.4805922005325556
2459606.5,7,-10.961657781077664,23.654395823585716,0.8905029871954304,1.2930875597521663
2459608.5,3,-11.548117984588785,24.015660274739584,0.8775031345633486,0.7439073007553816
2459610.5,12,-12.141199218390714,24.407089236095768,0.863822052046195,1.333366334438324
2459611.5,12,-12.440252940058404,24.6149211272274,0.8567236447910521,1.490036878734827
2459612.5,12,-12.74098810317779,24.831303230748237,0.8494520338248917,1.4805922005325556
2459613.5,21,-13.043399571790529,25.056618449540117,0.8420062492874111,1.490036878734827
2459614.5,20,-13.34747463431857,25.291275066610314,0.8343853262847334,1.490036878734827
2459615.5,16,-13.653191266143235,25.535708613798022,0.8265883098907982,1.490036878734827
2459616.5,14,-13.960516717324849,25.790383951079892,0.8186142609238568,1.490036878734827
2459618.5,0,-14.57979906892486,26.33247973223282,0.802131428410594,0.7450184393674135
2459619.5,0,-14.891621395935505,26.620997957413383,0.7936209102805569,0.7394627463072538
2459620.5,5,-15.204777944483599,26.92195887792339,0.784929909354591,0.7446017623879015
2459621.5,6,-15.519152498289412,27.23601196855284,0.7760576874957295,0.7444628700613976
2459622.5,3,-15.83460384772656,27.563852798796205,0.767003580734544,0.7444628700613976
2459623.5,4,-16.150961966889987,27.906226670854377,0.757767014781445,0.7444628700613976
2459625.5,18,-16.785555161268853,28.637828061410335,0.7387447620688075,1.455574220221024
2459626.5,17,-17.103258586199196,29.02883132731137,0.7289585490687098,1.4808699851855636
2459627.5,18,-17.420801010815126,29.43792949931304,0.7189888759065138,1.489759094081819
2459628.5,19,-17.737786103753646,29.866181579036304,0.7088359469543805,1.489759094081819
2459629.5,17,-18.053749513383,30.314724374404044,0.6985002146549472,1.489741732541006
2459630.5,20,-18.368146300553878,30.784778115388633,0.6879824223034618,1.489759094081819
2459632.5,0,-18.989586064064472,31.79475093120997,0.6664053909216053,0.7448795470409095
2459633.5,8,-19.29501685951549,32.337580114368535,0.6553495800861223,0.7404349925927818
2459634.5,1,-19.595618854446272,32.907751073910966,0.6441187100347557,0.7448795470409095
2459635.5,11,-19.890209951786648,33.50698653069209,0.63271590223456,0.7448621855000965
2459636.5,12,-20.177411298313686,34.13712418074248,0.6211450162346694,0.5720974928699434
2459637.5,8,-20.455614539305937,34.80011895702832,0.6094107725096913,0.7439073007553816
2459638.5,6,-20.72294351336364,35.4980429938066,0.5975188957808661,0.5004290523938835
2459639.5,12,-20.97720981982802,36.23308289100428,0.5854762894239746,0.744870866270503
2459640.5,10,-21.215859345761725,37.00752924366548,0.5732912018687342,0.7402961002662778
2459641.5,10,-21.43591274479736,37.823763888513604,0.5609734981358727,0.744870866270503
2459642.5,14,-21.63389710230927,38.6842369761182,0.5485348956153482,0.7448795470409095
2459643.5,6,-21.80575890456216,39.591429618804824,0.5359892807407,0.7448795470409095
2459644.5,13,-21.946777072873026,40.54780336733241,0.5233530693550946,0.744870866270503
2459645.5,11,-22.051455880243136,41.55572409958429,0.5106456222471655,0.7436295161023736
2459646.5,7,-22.113412334086217,42.617365784995116,0.4978897246818785,0.7447406547144055
2459647.5,11,-22.125248973276477,43.73457073153138,0.4851121351614068,0.7402961002662778
2459648.5,6,-22.078423677900656,44.9086682317789,0.4723442087913507,0.614181867800653
2459649.5,20,-21.96312059061875,46.14023561134501,0.45962259596794264,0.7448795470409095
2459650.5,8,-21.768135870234694,47.428790382880315,0.4469900119716793,0.7440461930818856
2459651.5,16,-21.4807904731653,48.772400953488734,0.4344960661979037,0.7448795470409095
2459652.5,15,-21.086911963329563,50.16720720167589,0.4221981227836311,0.7436295161023736
2459653.5,18,-20.57090918820846,51.6068468196334,0.4101621478027277,0.7450184393674135
2459654.5,14,-19.916005395923925,53.08179521300535,0.3984634699348254,0.7426572698168457
2459655.5,17,-19.10468304079977,54.578654394886826,0.38718734944983413,0.744870866270503
2459656.5,16,-18.119432549964063,56.0794466892663,0.3764292054195254,0.744870866270503
2459657.5,19,-16.943869289771374,57.56102431227148,0.36629430854798595,0.7448621855000965
2459658.5,20,-15.564264148798525,58.9947532628918,0.35689670941823554,0.7448795470409095
2459659.5,20,-13.971490688047723,60.346672868339326,0.34835716131272276,0.7434906237758696
2459660.5,8,-12.163263159986585,61.57836257834818,0.34079982457980273,0.32570250565186143
2459661.5,10,-10.146421200589941,62.64870441164361,0.33434764973278697,0.6186177414783742
2459664.5,16,-3.0826480020822338,64.50255680941414,0.32270521238623107,0.7447406547144055
2459665.5,0,-0.526629599118115,64.57164979864969,0.32166099706451656,0.7443152969644871
2459666.5,0,2.0408279281903625,64.34655809843215,0.3220991129632883,0.7433517314493656
2459667.5,0,4.561914525521176,63.836443711476036,0.3240093971151144,0.7448795470409095
2459668.5,0,6.982827413481318,63.06381567891181,0.3273492260356931,0.7401572079397738
2459669.5,9,9.257998880519008,62.061758817835916,0.3320471081468884,0.7448795470409095
2459670.5,11,11.352862197081084,60.87014117433559,0.338008318655044,0.7448621855000965
2459671.5,17,13.244900628145515,59.53160468680613,0.34512163926769224,0.7448621855000965
2459672.5,7,14.923132322071238,58.08802251037223,0.35326623349718256,0.7448795470409095
2459673.5,12,16.386499652135814,56.57784992261384,0.3623178848180836,0.7433517314493656
2459674.5,12,17.641680486312705,55.03449260799425,0.3721541101934805,0.744870866270503
2459675.5,17,18.700805230928605,53.48559785906839,0.3826579655193428,0.7401572079397738
2459677.5,10,20.29458910759798,50.45341609318233,0.40524258833938076,0.744870866270503
2459678.5,18,20.86402522789385,48.99865951417698,0.41713472957414116,0.744593081617495
2459679.5,9,21.30480395425474,47.5969071022696,0.4293177922383528,0.744870866270503
2459681.5,18,21.86337546161094,44.970286731689036,0.45428718113630817,1.489741732541006
2459682.5,16,22.009174657682543,43.748991857256165,0.4669602139850141,1.4803144158795476
2459683.5,14,22.08218237272694,42.58891504515224,0.4796959007980708,1.489724371000193
2459684.5,22,22.092752396337435,41.48870351312586,0.492455257199346,1.489759094081819
2459685.5,8,22.04991833046032,40.44637113851155,0.5052048917124023,1.489759094081819
2459686.5,15,21.961517504815763,39.45952493717516,0.5179162785299256,1.489724371000193
2459687.5,14,21.83432535986463,38.525532858439774,0.5305651052859345,1.3608496535453014
2459688.5,10,21.67417736238131,37.64164993031701,0.5431306952368578,1.489759094081819
2459689.5,7,21.48609427306479,36.805103957975646,0.5555955016709431,0.6786105457576923
2459697.5,7,19.383549422788548,31.51062555739761,0.650313496691614,1.489759094081819
2459698.5,11,19.07984810884234,30.990300579802486,0.6614209588465003,1.489481309428811
2459699.5,8,18.771945721819367,30.495224829664167,0.672351757754299,1.489463947887998
2459700.5,12,18.460765973383054,30.023878466791096,0.6831037405133212,1.489463947887998
2459701.5,11,18.14710128517444,29.574848394725862,0.6936752491015103,1.4864256782457232
2459702.5,9,17.83163035273095,29.146821850254206,0.7040650494570161,1.489481309428811
2459703.5,13,17.514932650780697,28.73858050341228,0.7142722700477786,1.4800366312265396
2459704.5,13,17.19750396454667,28.34899189303173,0.7242963493095858,1.489759094081819
2459705.5,10,16.879767200794614,27.977004324939337,0.7341369904392249,1.489481309428811
2459706.5,10,16.562082721115296,27.621640505667965,0.7437941223925999,1.489759094081819
2459707.5,7,16.244759271594372,27.281992074841316,0.7532678669282069,1.489481309428811
2459708.5,5,15.928052214603344,26.957214195530934,0.7625585084098042,1.4864256782457232
2459709.5,7,15.612179905149668,26.646520889164695,0.7716664677621015,1.489481309428811
2459710.5,7,15.2972708815076,26.349179858455337,0.7805922555981203,1.4297576090320945
2459711.5,12,14.983585485943586,26.0645113227402,0.78933652502385,1.489741732541006
2459712.5,13,14.671195773835429,25.791878419237644,0.7978999946559879,1.489741732541006
2459713.5,2,14.360204665974628,25.530688523467852,0.8062834435647032,0.5816810633987188
2459714.5,5,14.050695102488001,25.2803882958158,0.8144877043599965,1.489203524775803
2459715.5,4,13.742732725179756,25.040461930249613,0.8225136524311625,1.4864256782457232
2459716.5,4,13.436368256326688,24.81042597761445,0.8303621966729109,1.489481309428811
2459717.5,5,13.131639163599246,24.589829399830965,0.838034271364122,1.4797588465735316
2459718.5,10,12.828571626992165,24.378249814904784,0.8455308290812548,1.489481309428811
2459719.5,2,12.527181974761778,24.175291817752424,0.8528528346099167,1.489481309428811
2459720.5,4,12.227477980037607,23.980584993102486,0.86000125963723,1.489481309428811
2459721.5,7,11.929459995056076,23.793782138143584,0.8669770781456456,1.489481309428811
2459722.5,4,11.633121939067616,23.61455762783443,0.8737812624191413,1.4864256782457232
2459723.5,10,11.338452062574362,23.442605998801422,0.8804147795270365,1.489481309428811
2459724.5,6,11.04543410435725,23.2776402450157,0.8868785884969344,1.4797588465735316
2459725.5,1,10.75404733788703,23.11939103136164,0.8931736375646997,1.489481309428811
2459726.5,0,10.464268402884942,22.967605196209934,0.8993008621304845,1.489481309428811
2459727.5,7,10.176069798988493,22.822044760942504,0.9052611832029933,1.489759094081819
2459728.5,8,9.889420947346862,22.682485969052177,0.9110555046803284,1.489759094081819
2459729.5,3,9.604289664258614,22.548718346994267,0.916684712425397,1.4866861013579182
2459730.5,3,9.320641616523957,22.42054356621048,0.9221496730213365,1.489759094081819
2459731.5,8,9.0384415098539,22.29777586376715,0.9274512331014132,1.4803144158795476
2459732.5,3,8.757652004238091,22.180239470279528,0.9325902181392667,1.489463947887998
2459733.5,4,8.478234867989253,22.067769375504078,0.9375674318421789,1.489759094081819
2459734.5,5,8.200150780642971,21.960210049636135,0.9423836554811142,1.489481309428811
2459735.5,8,7.92335991180806,21.85741532220218,0.9470396475326254,1.489481309428811
2459736.5,4,7.647821535304561,21.759247392086657,0.9515361431377375,0.6688880829024129
2459737.5,8,7.37349449117813,21.665576641498625,0.9558738538060341,1.489463947887998
2459738.5,6,7.100337028697445,21.576281186357726,0.9600534670739781,1.4797588465735316
2459739.5,11,6.8283076857137495,21.491246282746133,0.9640756465282969,1.489481309428811
2459740.5,2,6.557364169028001,21.41036414820877,0.9679410314791534,1.489463947887998
2459741.5,2,6.2874642374555725,21.333533491745136,0.9716502368514737,1.489481309428811
2459742.5,8,6.018565553829863,21.26065922104401,0.9752038531434528,1.489759094081819
2459743.5,7,5.750625528174881,21.191652013268516,0.9786024463253996,1.4861478935927153
2459744.5,6,5.483602187995416,21.126428521758744,0.9818465579493222,1.489481309428811
2459745.5,5,5.217452976472618,21.064910380262855,0.9849367051523368,1.4797588465735316
2459746.5,7,4.952135604256325,21.007024468770684,0.9878733805704997,1.489481309428811
2459747.5,1,4.687607869336326,20.9527025604671,0.9906570524398131,1.489481309428811
2459748.5,2,4.423827672470262,20.901881121122656,0.9932881646513924,1.489481309428811
2459749.5,6,4.160753031561638,20.854501117840186,0.9957671368154479,1.489481309428811
2459750.5,5,3.898342002645742,20.810507977976428,0.9980943643016442,1.4861478935927153
2459751.5,2,3.636552864459687,20.769851045113366,1.0002702182816563,1.489481309428811
2459752.5,4,3.37534432269996,20.732483757411337,1.0022950460918336,1.4797588465735316
2459753.5,4,3.114674746625945,20.698363625827596,1.0041691709760723,1.489481309428811
2459754.5,1,2.8545028350197676,20.667451845535926,1.0058928922797827,1.489481309428811
2459755.5,1,2.5947874227843952,20.63971328990177,1.007466485534417,1.489481309428811
2459756.5,10,2.3354874748802343,20.615116404246468,1.0088902025343904,1.489481309428811
2459757.5,2,2.0765620445880524,20.593633166922267,1.0101642713999526,1.4864256782457232
2459758.5,3,1.8179701848494523,20.575238874609383,1.011288896544771,1.489481309428811
2459759.5,2,1.5596716232592547,20.559912201652068,1.0122642591054385,1.4797588465735316
2459760.5,5,1.3016255438541358,20.54763515731225,1.01309051662562,1.489481309428811
2459761.5,4,1.0437914423539862,20.538392955642582,1.0137678032256479,1.489481309428811
2459762.5,4,0.7861288922057543,20.53217401233529,1.0142962296552047,1.489481309428811
2459763.5,4,0.5285975272916997,20.528969898653163,1.0146758833341787,1.489481309428811
2459764.5,3,0.271157033120363,20.52877533045239,1.0149068283844795,1.2836428815498948
2459767.5,2,-0.5010220994496756,20.546242714589713,1.0147077036766259,1.4422579184174538
2459768.5,2,-0.758501694261002,20.558095871028087,1.0143439900906057,1.489481309428811
2459769.5,6,-1.0160916792098516,20.572978962041383,1.0138315396551834,1.489481309428811
2459770.5,10,-1.2738323348303822,20.590905482299142,1.0131702769846602,1.489481309428811
2459771.5,7,-1.5317639811248283,20.611892120740443,1.0123601034179228,1.4864256782457232
2459772.5,7,-1.7899275507436854,20.635959216286057,1.0114008830245167,1.489481309428811
2459773.5,4,-2.0483623286482615,20.66312922202787,1.0102924981388173,1.4797588465735316
2459774.5,3,-2.3071094140373054,20.693429024584855,1.0090347664348935,1.489481309428811
2459775.5,7,-2.5662093789893214,20.726888635628235,1.0076274958377258,1.489481309428811
2459776.5,4,-2.825702897823986,20.76354152562373,1.0060704708009862,1.489481309428811
2459777.5,5,-3.0856307462551515,20.8034247370892,1.004363452258337,1.489481309428811
2459778.5,5,-3.3460338010880784,20.846578981764882,1.0025061775642463,1.4864256782457232
2459779.5,2,-3.606953229855558,20.89304913395278,1.0004983603699713,1.489481309428811
2459780.5,9,-3.868429764951059,20.942882843395317,0.9983396907099835,1.4797588465735316
2459781.5,4,-4.1305047996312005,20.996132914774694,0.9960298348636486,1.489481309428811
2459782.5,4,-4.393219659029928,21.052855928687688,0.9935684352516834,1.489481309428811
2459783.5,6,-4.656615767171797,21.113112820668615,0.9909551103814098,1.489481309428811
2459784.5,8,-4.920734643685474,21.176969001334218,0.9881894548130747,1.489481309428811
2459785.5,7,-5.185617900833498,21.244494586600904,0.9852710391001851,1.4864256782457232
2459786.5,8,-5.451307516124078,21.315765222527165,0.9821994099317994,1.489481309428811
2459787.5,6,-5.717844600891124,21.390859646019393,0.9789740891782491,1.4797588465735316
2459788.5,5,-5.9852712258465814,21.469863925320414,0.9755945757083422,1.489481309428811
2459789.5,10,-6.2536291614929365,21.552869062789224,0.9720603433118115,1.489481309428811
2459790.5,5,-6.522960119201012,21.639971899440933,0.9683708422610383,1.489481309428811
2459791.5,2,-6.793305735404772,21.731275434157826,0.964525498560209,1.489481309428811
2459792.5,1,-7.064707409573442,21.82688905465967,0.9605237180677559,1.4861478935927153
2459793.5,10,-7.337206969744863,21.926929573521317,0.9563648710136089,1.489481309428811
2459794.5,10,-7.610844720540434,22.0315196418911,0.9520483156664894,1.4797588465735316
2459795.5,6,-7.885661682552621,22.140790681071103,0.9475733827172919,1.489481309428811
2459796.5,10,-8.161698109547803,22.25488176468302,0.9429393794664931,1.489481309428811
2459797.5,11,-8.438993699768952,22.37394044717251,0.9381455901203672,1.489481309428811
2459798.5,13,-8.717587475008775,22.49812328491783,0.9331912761469541,1.489481309428811
2459799.5,7,-8.997517622580125,22.62759635115045,0.9280756767108493,1.4864256782457232
2459800.5,6,-9.27882177674145,22.762536483035504,0.9227980090461554,1.489481309428811
2459801.5,7,-9.561535041841033,22.903129373286998,0.9173574694495004,1.4797588465735316
2459802.5,8,-9.8456924727293,23.049574050446324,0.9117532338689682,1.489481309428811
2459803.5,7,-10.13132699848765,23.202081086093745,0.9059844586336135,1.489463947887998
2459804.5,11,-10.418470572118741,23.36087405911784,0.9000502814212968,1.489481309428811
2459805.5,12,-10.70715147674134,23.52619038594444,0.8939498221991452,1.489481309428811
2459806.5,10,-10.997395233836206,23.698282267600995,0.8876821856753916,1.4858701089397073
2459807.5,13,-11.289224979239366,23.877418362877282,0.8812464623396432,1.489463947887998
2459808.5,9,-11.582659780698009,24.063882265739508,0.8746417306120886,1.4797588465735316
2459809.5,10,-11.877715121705688,24.257977617888063,0.8678670587641215,1.489481309428811
2459810.5,12,-12.174401569953437,24.4600267860714,0.8609215075600993,1.489463947887998
2459811.5,9,-12.472724256482142,24.670372906367923,0.8538041331952944,1.489481309428811
2459812.5,17,-12.772682081145518,24.889381383933873,0.8465139906603047,1.489463947887998
2459813.5,11,-13.074266828510382,25.117441523281247,0.8390501375908137,1.4855402396788122
2459814.5,15,-13.3774545406269,25.354966633423373,0.8314116385712231,1.2544754929840565
2459815.5,12,-13.682235071095821,25.602402261369402,0.8235975748599684,1.4794810619205236
2459816.5,14,-13.98856493493561,25.860219013839014,0.8156070362670245,1.489481309428811
2459817.5,20,-14.296396904974078,26.12892044383379,0.8074391410403559,1.489463947887998
2459818.5,20,-14.60567138059281,26.409043935800767,0.7990930382391497,1.489481309428811
2459819.5,16,-14.916315958223006,26.701162679205304,0.7905679150450939,1.489481309428811
2459820.5,10,-15.228246302263747,27.005886884762738,0.781863003986456,1.4858527473988943
2459821.5,10,-15.5413719413394,27.323866002169016,0.7729775885600797,1.489481309428811
2459822.5,18,-15.85561114591908,27.655782457781697,0.7639110031905658,1.4794810619205236
2459823.5,7,-16.170946318982722,28.00233668813648,0.7546626156406512,1.489481309428811
2459824.5,13,-16.487645862340067,28.3641710112129,0.7452317411361031,1.489463947887998
2459825.5,24,-16.80774427807242,28.74133945126525,0.735617199029899,1.491981371305883
2459826.5,33,-17.276946764308352,29.076423218193355,0.7258075560747994,1.489203524775803
2459827.5,10,-16.769292922963988,28.253230990297208,0.7161635946411422,1.489481309428811
2459828.5,25,-17.139195465102752,28.65578644860448,0.706372146494362,1.4997419800492935
2459829.5,6,-17.514199499138883,29.07710146529897,0.6963652707284457,1.489481309428811
2459830.5,12,-17.891163457619708,29.51968429846154,0.686141183738209,1.4794810619205236
2459831.5,12,-18.269155734126862,29.985184865348263,0.675699050909437,1.489481309428811
2459832.5,20,-18.647519745424287,30.47521788789502,0.6650384713936018,1.489481309428811
2459833.5,12,-19.025598765295577,30.99148907689097,0.6541594175366447,1.489481309428811
2459834.5,18,-19.4026534878059,31.535830589582115,0.6430622622982843,1.4858527473988943
2459835.5,15,-19.777819834461297,32.110225915685874,0.6317478398190628,1.489759094081819
2459836.5,9,-20.150072590082836,32.71682233590634,0.6202175283841033,1.4797588465735316
2459837.5,16,-20.518191452083347,33.35794935689959,0.6084733527083377,1.489759094081819
2459838.5,14,-20.88071975638939,34.03613058960217,0.5965181085388993,1.489741732541006
2459839.5,20,-21.235917749549245,34.75409709385943,0.5843555122059206,1.489759094081819
2459840.5,19,-21.581706445077394,35.51479832513504,0.571990379850371,1.489741732541006
2459841.5,2,-21.915601801427822,36.321409992443265,0.559428841807342,0.12861429434269667
2459842.5,18,-22.23463507643676,37.177336612538575,0.5466785989360657,1.48918616323499
2459843.5,23,-22.53525224388938,38.086207770980714,0.5337492302553151,1.4791859157267027
2459844.5,16,-22.8132036804584,39.051859874315156,0.5206525626419205,1.4886479554697871
2459845.5,16,-23.06340621440743,40.078303960891496,0.5074031107386155,1.48918616323499
2459846.5,16,-23.279780341386534,41.16966744032506,0.49401860422286825,1.489203524775803
2459847.5,18,-23.455059634121252,42.33010318659081,0.4805206167594196,1.489168801694177
2459849.5,13,-23.645972466463235,44.8740170609424,0.4532943394545112,0.7447406547144055
2459850.5,16,-23.638995439900857,46.2643115541224,0.43963585059840105,0.7394540655368473
2459851.5,14,-23.545126448500408,47.73660219327926,0.42600572683687565,0.7446017623879015
2459852.5,21,-23.347330782429655,49.29136706947382,0.4124589435402762,0.7447406547144055
2459853.5,15,-23.025804563272374,50.92673460938765,0.3990611045754446,0.744593081617495
2459854.5,21,-22.557840142605446,52.637504161612256,0.3858900870975903,0.7446017623879015
2459855.5,20,-21.91790306436106,54.41391685550264,0.3730377106398297,0.7427874813729431
2459856.5,21,-21.078070350656198,56.24019556942206,0.3606112641244116,0.744593081617495
2459857.5,17,-20.009020222977824,58.09293101016297,0.3487346317648419,0.7395495540113188
2459858.5,4,-18.681807269301366,59.93950849210455,0.33754863171476185,0.23958058244897984
2459859.5,8,-17.070641080175704,61.73692517283355,0.32721004861493713,0.25528409611433744
2459860.5,11,-15.156770619124053,63.431528586742076,0.3178887426275388,0.7431954775820486
2459861.5,4,-12.933325106986228,64.96034735986754,0.3097622217167724,0.1983382422477007
2459862.5,16,-10.410495936923468,66.25465382888447,0.3030072775573267,0.7332125916145742
2459863.5,26,-7.619907541984177,67.24604978604589,0.29778879390978424,0.744870866270503
2459864.5,32,-4.616600208637461,67.87462716720057,0.29424664144363283,0.7397405309602618
2459865.5,21,-1.477147404611465,68.09777359689573,0.29248248493685913,0.744731973943999
2459866.5,15,1.7067187336354697,67.89741593776019,0.2925489779201548,0.7447406547144055
2459867.5,23,4.838103725394797,67.28349269986144,0.2944437660262996,0.7447232931735925
2459868.5,30,7.826251570836109,66.29244745535021,0.2981097750229989,0.7447232931735925
2459869.5,29,10.59628478257255,64.98120521126918,0.30344170870597137,0.7429350544698536
2459870.5,24,13.095173594992035,63.418500669831374,0.3102971556664611,0.6824908501293976
2459871.5,22,15.293234038077049,61.675963952659714,0.3185098486370204,0.7397405309602618
2459872.5,27,17.181874130547214,59.82087299108124,0.32790264370051986,0.7118231733329594
2459873.5,33,18.769112479802242,57.911489103741005,0.3382984762678167,0.7447406547144055
2459874.5,14,20.074403704991227,55.99494729919878,0.34952846131842463,0.7441677238675766
2459875.5,10,21.123880597446213,54.107116722823,0.3614370868389463,0.561402783729136
2459876.5,21,21.946565691191463,52.273683456396725,0.3738849235186922,0.7479351782239974
2459877.5,18,22.57168848806764,50.51181117720016,0.3867494676444635,0.7397405309602618
2459878.5,17,23.026984942292405,48.83192714758172,0.39992472704965615,0.7419454466435127
2459879.5,23,23.337756203788413,47.23937323715084,0.4133200558386183,0.7448795470409095
2459880.5,15,23.52646795923707,45.735804948554815,0.4268586114233139,0.6872305507713463
2459881.5,7,23.612689559395516,44.32030863407847,0.44047566885530526,0.7448795470409095
2459882.5,15,23.613249109882634,42.99026054067321,0.4541170572588781,0.7448795470409095
2459883.5,8,23.542466227604617,41.74196078547183,0.46773753350508274,0.7429263736994471
2459884.5,8,23.412453069960822,40.57109388107568,0.4812994907437571,0.666544274892658
2459885.5,8,23.233405782573403,39.473051768697985,0.49477175036131993,0.7398794232867658
2459886.5,3,23.013881075710778,38.44315546770696,0.5081285363811088,0.35348097095265985
2459891.5,2,21.522706086015567,34.161721714333936,0.57255707441248,0.18194894772022963
2459892.5,16,21.17585159542938,33.45146590081163,0.5848878141303935,1.4800192696857266
2459893.5,7,20.81976425406414,32.78191548210816,0.5970154548420292,1.489759094081819
2459894.5,24,20.456491760865138,32.150166884644534,0.6089352730627964,1.489741732541006
2459895.5,17,20.087746367748405,31.55355080928985,0.620643628217161,1.489741732541006
2459896.5,13,19.714959509701746,30.989616189932654,0.6321377851523848,1.489741732541006
2459897.5,14,19.339327896381008,30.45611273284114,0.6434157513054617,1.4861305320519023
2459898.5,14,18.961842276507586,29.950983761427814,0.6544769650653051,1.489741732541006
2459899.5,5,18.583347228747122,29.472326885291196,0.6653190768193152,1.4794810619205236
2459900.5,11,18.20452963911434,29.018409072949165,0.6759424659420427,1.489759094081819
2459901.5,17,17.82596397802666,28.587635645730593,0.6863471172432943,1.489203524775803
2459902.5,11,17.448125221802975,28.1785418344735,0.6965333177701504,1.489759094081819
2459903.5,7,17.071404850036625,27.78978106195475,0.7065016041267271,1.489759094081819
2459904.5,8,16.696122102695423,27.420114567185284,0.7162527175551756,1.4864256782457232
2459905.5,5,16.322536069755092,27.06840178454837,0.7257875650285622,1.490019517194014
2459906.5,11,15.950856419615482,26.733591596788305,0.7351071908959851,1.4797414850327186
2459907.5,8,15.581247998899181,26.414714515264272,0.7442127448987591,1.490036878734827
2459908.5,12,15.213841898580746,26.110875451781354,0.7531054625494065,1.490036878734827
2459909.5,8,14.848734341010886,25.8212471563002,0.7617866453693892,1.490036878734827
2459910.5,6,14.485995161814472,25.54506461763589,0.770257642008452,1.489759094081819
2459911.5,5,14.125672855004721,25.28161954567844,0.7785198353497413,1.4861478935927153
2459912.5,10,13.767797256604798,25.030255652864653,0.7865746306474921,1.2953098369762301
2459913.5,9,13.412381678340784,24.790364258333305,0.7944234455851341,1.4794810619205236
2459914.5,4,13.05942587413179,24.56138038182321,0.8020677014763333,1.489481309428811
2459915.5,4,12.70891780480584,24.34277919181408,0.8095088160049242,1.4842034010216594
2459916.5,5,12.360836318864047,24.134072725210135,0.8167481971587253,1.472814230248332
2459917.5,10,12.015151361921014,23.93480702240256,0.8237872381012943,1.489759094081819
2459918.5,3,11.671826176653811,23.744559428444443,0.8306273126340536,1.4861478935927153
2459919.5,3,11.330818009344569,23.562936258831936,0.83726977149546,1.194161500199698
2459920.5,8,10.992079861718898,23.389570318835364,0.8437159396201213,1.489481309428811
2459921.5,4,10.655560119869921,23.224119326147992,0.8499671132721096,1.489724371000193
2459922.5,4,10.32120371511461,23.066263884391386,0.8560245579510073,1.490036878734827
2459923.5,4,9.990000691952558,22.913830114282085,0.8618896534254646,1.0472481418401003
2459924.5,4,9.659740855176853,22.77028746398522,0.8675638940169803,1.489741732541006
2459925.5,7,9.331467424966236,22.63350399532158,0.8730479701989045,1.4861478935927153
2459926.5,3,9.005117765609178,22.50323653806911,0.8783430112318171,1.489759094081819
2459927.5,3,8.680627704310917,22.37925787928842,0.8834501096339367,1.489759094081819
2459928.5,2,8.3579317332075,22.261354458126117,0.888370314729668,1.489759094081819
2459929.5,4,8.036966188694949,22.14933024767738,0.8931046559993603,1.3969790199771523
2459930.5,5,7.717664769235149,22.04299863983622,0.8976541078740913,1.489759094081819
2459931.5,5,7.3999624747704456,21.942186432185192,0.9020196126115503,1.489759094081819
2459932.5,6,7.0837928562039,21.846731918966462,0.9062020747905212,1.4858701089397073
2459933.5,1,6.769089533638695,21.756484198791334,0.9102023603612378,1.489481309428811
2459934.5,2,6.45578644846532,21.671302603225474,0.9140212970481334,1.384756495244801
2459935.5,5,6.143818130117032,21.591056030022393,0.9176596746605521,1.490036878734827
2459936.5,3,5.833118941850567,21.515622506571585,0.9211182451369675,1.3075323617085814
2459937.5,4,5.5236241347617,21.4448886294671,0.9243977227256702,1.489203524775803
2459938.5,6,5.215268739332931,21.378749220906393,0.9274987842486642,1.489203524775803
2459939.5,0,4.90798829950035,21.317106874283347,0.9304220691418763,1.4855923242866993
2459940.5,1,4.6017186041863525,21.259871610639223,0.9331681796501649,1.488925740122795
2459941.5,7,4.296396203997579,21.206960500893178,0.9357376812552077,1.4792032772675157
2459942.5,3,3.991957613027889,21.158297429996342,0.9381311026789181,1.489203524775803
2459943.5,3,3.6883398522310227,21.113812784413515,0.940348936160493,1.489203524775803
2459944.5,2,3.385480300769906,21.073443206926637,0.942391637668922,1.489481309428811
2459945.5,2,3.0833166827970024,21.03713137748969,0.9442596271067772,1.488908378581982
2459946.5,4,2.7817870516508414,21.00482580821017,0.9459532885053032,1.4855923242866993
2459947.5,3,2.4808296013753504,20.97648069038184,0.9474729701160387,1.488925740122795
2459948.5,2,2.1803833196287057,20.95205564054266,0.9488189848572913,0.9964135503396392
2459949.5,1,1.8803869535494317,20.93151570425955,0.9499916102091099,1.488925740122795
2459950.5,5,1.580779652981435,20.914831135218453,0.9509910884369337,1.488925740122795
2459951.5,3,1.2815007775938827,20.90197732574457,0.9518176267240868,1.488925740122795
2459952.5,2,0.9824898676644184,20.892934713711135,0.9524713972848171,1.488925740122795
2459953.5,2,0.6836866143430602,20.88768872410244,0.9529525374599846,1.2578089088201523
2459954.5,4,0.38503062340961597,20.886229728668717,0.9532611496821737,1.488925740122795
2459955.5,1,0.08646220626397216,20.888552937977565,0.9533973018700538,1.386978772468865
2459956.5,2,-0.21207862204487685,20.894658696863207,0.9533610312427329,1.47448093816638
2459957.5,5,-0.5106524088287663,20.904551589455224,0.9531523282114639,1.4444801956415176
2459958.5,1,-0.8093189054523079,20.91824169679636,0.9527711605059757,1.488925740122795
2459959.5,4,-1.1081381708098985,20.935743816336775,0.9522174572411333,1.488925740122795
2459960.5,1,-1.4071703303339198,20.957077687861936,0.9514911128269588,0.6861280929297209
2459961.5,0,-1.7064483418597545,20.982255123548917,0.9505919981591961,1.385867633856833
2459963.5,2,-2.3061204427838136,21.04432929176767,0.9482746974626621,0.3950097765773535
2459964.5,4,-2.60660814610674,21.081288789298124,0.9468560517191634,1.2347527826204896
2459965.5,8,-2.9076114208859645,21.122255781090878,0.9452637138582547,1.488925740122795
2459966.5,8,-3.209191399875851,21.167281554674368,0.94349736847064,1.488925740122795
2459967.5,11,-3.5114094784541994,21.216423198906064,0.9415566647653201,1.315310331992805
2459968.5,3,-3.8143273705591345,21.2697436835312,0.9394412163866849,1.0725265452638268
2459969.5,3,-4.118006946827341,21.327312152055775,0.9371506013339965,1.2903097132220864
2459970.5,5,-4.42251051363699,21.38920405918828,0.9346843617081929,1.489203524775803
2459971.5,6,-4.727900656160747,21.455501543303644,0.9320420035561723,1.489203524775803
2459972.5,3,-5.034240274651177,21.526293634232438,0.9292229966890404,1.489203524775803
2459973.5,6,-5.341592588053246,21.601676583817316,0.9262267744977845,1.489203524775803
2459974.5,4,-5.650021127359558,21.68175420852424,0.9230527337707963,1.4855923242866993
2459975.5,8,-5.959589739323478,21.766638297191896,0.9197002345074087,1.489203524775803
2459976.5,8,-6.270363045016883,21.85644880119931,0.9161685916252678,1.4789254926145077
2459977.5,3,-6.582404246369412,21.951314830019886,0.9124571071038778,1.489203524775803
2459978.5,5,-6.895778508586351,22.051374468938008,0.9085650218659375,1.489203524775803
2459979.5,5,-7.210550546644695,22.15677570802705,0.9044915473225402,1.489203524775803
2459980.5,3,-7.526785768329243,22.26767694042304,0.9002358574102074,1.489203524775803
2459981.5,9,-7.844549226222098,22.384247588059537,0.8957970880703012,1.4853145396336913
2459982.5,3,-8.16390474577256,22.506668754624464,0.8911743383298961,1.489203524775803
2459983.5,7,-8.484916700586691,22.6351340269873,0.8863666701102955,1.4789254926145077
2459984.5,6,-8.80764918284467,22.76985024459393,0.8813731082006231,1.489203524775803
2459985.5,3,-9.132165688435663,22.91103841776051,0.876192640545074,1.489203524775803
2459986.5,13,-9.458528934263745,23.05893469135247,0.870824218629677,1.489203524775803
2459987.5,5,-9.78680061115713,23.21379140429284,0.8652667580021421,1.488925740122795
2459988.5,10,-10.117041085004653,23.375878241615872,0.8595191389474447,1.4853145396336913
2459989.5,14,-10.449309355784134,23.545483486249587,0.8535802071833385,1.488925740122795
2459990.5,11,-10.783661414542403,23.72291545307041,0.8474487754384131,1.4758698614314198
2459992.5,17,-11.458830895158306,24.10260180314619,0.834603504047304,1.488908378581982
2459993.5,0,-11.799746391695956,24.30558699954592,0.8278871365391047,1.488908378581982
2459994.5,0,-12.142940719530674,24.517864325120534,0.8209732177166736,1.488925740122795
2459995.5,14,-12.488451063865877,24.739867706544487,0.8138604204224473,1.4853145396336913
2459996.5,7,-12.836308021982422,24.972062526468882,0.8065473979017124,1.3391998121514916
2459999.5,20,-13.89414282767508,25.734978778302157,0.7833933065270566,1.48918616323499
2460000.5,16,-14.251517612369229,26.013320189847693,0.7752656809461854,1.489203524775803
2460001.5,21,-14.611245284812787,26.304753340337395,0.7669309731265307,1.489203524775803
2460002.5,13,-14.973283756088353,26.609997378094068,0.7583878353976129,1.4850367549806833
2460003.5,11,-15.337572331196398,26.92982771978827,0.7496349499055176,1.4883701708167791
2460004.5,11,-15.704023396001439,27.26508096867825,0.7406710405471412,1.4786477079614997
2460005.5,16,-16.07251949199777,27.61666062792555,0.731494891097924,1.488908378581982
2460006.5,15,-16.44291104634137,27.985543154583258,0.7221053618887722,1.488925740122795
2460007.5,21,-16.81500881231142,28.372784712467666,0.7125014107819934,1.488925740122795
2460008.5,15,-17.18857703532786,28.779528560460086,0.7026821180417416,1.488925740122795
2460009.5,16,-17.56332501262425,29.20701312398914,0.6926467154096981,1.4850367549806833
2460010.5,16,-17.93889608970222,29.656580592696002,0.6823946212867424,1.488925740122795
2460011.5,25,-18.314858877369563,30.12968728495952,0.6719254806341275,1.4786477079614997
2460012.5,21,-18.690690279204635,30.627912859539215,0.6612392136759107,1.488925740122795
2460013.5,21,-19.06576080875405,31.152972206611466,0.6503360724893922,1.488908378581982
2460014.5,15,-19.43931449105012,31.70672712530898,0.639216708204807,1.488925740122795
2460015.5,20,-19.810445415490477,32.291198820784786,0.6278822506318242,1.488908378581982
2460016.5,22,-20.17806968602259,32.90858081910987,0.6163344027116864,1.4850193934398703
2460017.5,1,-20.54089156366228,33.56125229839723,0.6045755477962182,0.36389789544045925
2460018.5,23,-20.897364432697916,34.25178974720002,0.5926089029241244,1.4786303464206867
2460019.5,33,-21.245640879320195,34.98298020291419,0.5804386477025448,1.488925740122795
2460020.5,33,-21.58351590218053,35.757829735785236,0.5680701339273343,1.488856293974095
2460021.5,25,-21.908357682948978,36.57956968194246,0.5555101065911914,1.488908378581982
2460022.5,31,-22.217025164218047,37.45165701397494,0.5427669730795626,1.488925740122795
2460023.5,32,-22.505763763013817,38.37776489937633,0.5298511271491605,1.3091817080858164
2460025.5,18,-23.004658392925112,40.40767149086278,0.5035551931808034,0.7393064924399368
2460026.5,20,-23.203075967752767,41.51960181193558,0.49020968200839077,0.7444628700613976
2460027.5,1,-23.35772759042733,42.701643512718015,0.4767618140990628,0.06569607043638825
2460030.5,1,-23.45959746816449,46.70520018730524,0.4361119236048482,0.1352811260148883
2460031.5,17,-23.330080136810395,48.20098196039692,0.42259547784886753,0.744454189290991
2460032.5,25,-23.091674541918973,49.7784364968826,0.40918437129806007,0.7393064924399368
2460033.5,38,-22.724143292484467,51.434741023032736,0.39594720243654546,0.7444628700613976
2460034.5,101,-22.204469681480894,53.163422643552664,0.38296506232879024,0.5036235759034753
2460035.5,29,-21.507048722817427,54.95308202481429,0.37033309970611195,0.7444628700613976
2460036.5,32,-20.604272327231488,56.78590399859184,0.3581618705953358,0.7430739467963576
2460037.5,35,-19.46770957944141,58.636070174175174,0.3465781881869524,0.7425096967199352
2460038.5,27,-18.07010772557242,60.46830414194426,0.3357250643190549,0.7444628700613976
2460039.5,23,-16.388370883544333,62.23694422250613,0.32576021960790486,0.7393151732103433
2460040.5,24,-14.407581917095968,63.886097013234284,0.31685256728791095,0.7444628700613976
2460041.5,27,-12.125773421137492,65.35154841212082,0.3091761356795115,0.7213893823209219
2460042.5,11,-9.558736974121507,66.5649656346135,0.3029011772125432,0.2123663672246039
2460043.5,33,-6.743652425949412,67.46049667715006,0.2981827707072929,0.744575720076682
2460044.5,16,-3.740023846505923,67.98306533066585,0.2951480326015814,0.7425010159495287
2460045.5,16,-0.6267011375562223,68.09673048291305,0.29388388039350954,0.7447232931735925
2460046.5,23,2.505246346930385,67.79089356255398,0.2944277320689097,0.666926228790544
2460047.5,16,5.56259598446902,67.08242082239767,0.29676326486826504,0.7445844008470885
2460048.5,14,8.460578187798038,66.01292213582823,0.3008222752362578,0.7443066161940806
2460049.5,11,11.131396710681132,64.64204598399192,0.30649217533122086,0.7444455085205846
2460050.5,17,13.528907744473482,63.03880241132868,0.31362735334829034,0.7443066161940806
2460051.5,10,15.629133454885947,61.27317343779915,0.32206201313941,0.7423794851638377
2460052.5,9,17.427530367383284,59.40962777450529,0.33162231008188336,0.7443152969644871
2460053.5,10,18.934481257430736,57.50318359951436,0.34213632320547716,0.7393238539807498
2460054.5,10,20.170388800436438,55.59783447680744,0.35344125037334645,0.7427874813729431
2460055.5,11,21.161304111623306,53.72672038987357,0.36538789335612276,0.7423794851638377
2460056.5,11,21.93551664876934,51.913332982814254,0.37784288476548533,0.744454189290991
2460057.5,13,22.521177641287984,50.17317631944927,0.3906892469756794,0.744593081617495
2460058.5,13,22.944818642809267,48.51548737657334,0.403825846256282,0.7423621236230247
2460059.5,8,23.23054807123208,46.94479719385158,0.4171661978596271,0.7443239777348936
2460060.5,11,23.399730346304764,45.462240570334714,0.4306369553110216,0.7390460693277419
2460061.5,11,23.470962825203152,44.06659607432018,0.4441763078044493,0.7443239777348936
2460062.5,6,23.460232620726085,42.7550803955709,0.45773242197497577,0.7443239777348936
2460063.5,7,23.381155837966986,41.52393692903762,0.4712619996195522,0.7443239777348936
2460064.5,6,23.245258586234563,40.368859506486416,0.4847289897285929,0.7438986199849751
2460066.5,16,22.840315541014984,38.26862980899203,0.5113606377957198,1.4886305939289741
2460067.5,14,22.586281206025607,37.31435829979327,0.5244800628341107,1.4780747771146707
2460068.5,0,22.30589176799067,36.4181367215013,0.5374449078445123,0.22500556893646717
2460078.5,1,18.806569441857185,29.869074871038848,0.6565422837478813,1.5000371262431145
2460079.5,10,18.430688565933686,29.39465146351848,0.6672954733310026,1.4847589703276753
2460080.5,6,18.054467364275478,28.944649323428,0.6778314457515631,1.4886479554697871
2460081.5,8,17.678466273198424,28.517503173725455,0.6881501712151544,1.4780921386554837
2460082.5,6,17.3031504081823,28.111775447858665,0.6982519154342677,1.4886305939289741
2460083.5,11,16.92890264433873,27.726143744772745,0.7081371884176139,1.4886305939289741
2460084.5,9,16.55603663176506,27.359390960600233,0.717806700630843,1.4886479554697871
2460085.5,8,16.18480771018036,27.010395971008368,0.7272613264306083,1.488925740122795
2460086.5,10,15.815421520759157,26.678125172106455,0.7365020729002894,1.4850367549806833
2460087.5,10,15.44804249783248,26.36162407232223,0.7455300534339642,1.488925740122795
2460088.5,7,15.082799849737357,26.06001311511373,0.7543464666248354,1.4783699233084917
2460089.5,5,14.71978795250972,25.772477265205307,0.7629525747056216,1.488925740122795
2460090.5,8,14.359077996360297,25.49826304077433,0.7713496877487572,1.488925740122795
2460091.5,7,14.000719147033493,25.236672640649978,0.7795391504099332,1.488925740122795
2460092.5,15,13.644741852773839,24.98705926022578,0.7875223301886213,1.4886479554697871
2460093.5,3,13.291160666675237,24.74882285650873,0.7953006074543907,1.4847589703276753
2460094.5,8,12.939976436623102,24.521406157458323,0.8028753668648079,1.4886479554697871
2460095.5,7,12.591179189582645,24.30429171155681,0.8102479905105486,1.4780921386554837
2460096.5,4,12.24474871929633,24.09699808319653,0.8174198515252089,1.4886479554697871
2460097.5,7,11.90065678311934,23.89907721715694,0.8243923090437777,1.4886479554697871
2460098.5,3,11.558868276109495,23.710111931871836,0.8311667038487073,1.4886479554697871
2460099.5,4,11.21934231144447,23.52971349481158,0.8377443547289007,1.4886305939289741
2460100.5,4,10.882033163256677,23.357519468758678,0.8441265554196866,1.4847589703276753
2460101.5,8,10.546891215822162,23.193191092607535,0.8503145721303993,1.4886479554697871
2460102.5,5,10.2138630769645,23.03641414964602,0.8563096411672995,1.4780921386554837
2460103.5,9,9.882893071962334,22.88689336180815,0.8621129674408392,1.4886479554697871
2460104.5,7,9.553923128467304,22.744353560924555,0.8677257229495289,1.4886479554697871
2460105.5,4,9.226892891062274,22.608541121907788,0.873149038153652,1.4886305939289741
2460106.5,3,8.901741998151618,22.479208909106585,0.8783840305975769,1.4886479554697871
2460107.5,2,8.578407557083878,22.356135892336034,0.8834317602586521,1.4844811856746674
2460108.5,2,8.256826504636594,22.239112056365094,0.8882932581068542,1.4886305939289741
2460109.5,2,7.9369345112655525,22.12794176084062,0.8929695181428152,1.4780574155738577
